TAZ_ID,HBWP,HBWA,HBSP,HBSA,HBOP,HBOA,RECP,RECA,TripsPerHH
101,1100.0,400.0,1400.0,300.0,1800.0,350.0,37.5,50.0,42.57425742574257
102,880.0000000000001,960.0,1120.0,720.0,1440.0,840.0,15.0,20.0,33.72549019607843
103,550.0,240.0,700.0,180.0,900.0,210.0,60.0,80.0,20.87378640776699
